
	<!DOCTYPE project [
		<!ELEMENT project (objectids-table | current-scenario | duration | aggregation-period | truncated-mean | percentile)* >
	
		<!ELEMENT objectids-table (objectids-entry)* >
		<!ELEMENT objectids-entry (#PCDATA)>
		<!ELEMENT duration (#PCDATA)>
		<!ELEMENT truncated-mean (#PCDATA)>
		<!ELEMENT percentile (#PCDATA)>
		<!ELEMENT aggregation-period (#PCDATA)>
		<!ELEMENT current-scenario (#PCDATA)>
		<!ATTLIST duration
		    value CDATA #REQUIRED>
	    <!ATTLIST aggregation-period
		    value CDATA #REQUIRED>
		<!ATTLIST objectids-entry
		    objectid CDATA #REQUIRED
		    type CDATA #REQUIRED
		    value CDATA #REQUIRED
		    key CDATA #REQUIRED>
		<!ATTLIST truncated-mean
		    centered-interval CDATA #REQUIRED
		    percentage CDATA #REQUIRED>
		 <!ATTLIST percentile
		    percentage CDATA #REQUIRED>
	]>


<!--****** RUNTIME PROJECT ******--><project>
<!--****** CURRENT SCENARIO ******-->
<current-scenario>scenario1</current-scenario>
<!--****** OBJECTIDS ******-->
<objectids-table>
<objectids-entry key="" objectid="0" type="LG_HOST" value="localhost:7100"/>
<objectids-entry key="" objectid="1" type="ZONE" value="Zone par défaut"/>
<objectids-entry key="Zone par défaut¤Population1¤" objectid="2" type="POPULATION" value="Population1"/>
<objectids-entry key="Zone par défaut¤Population1¤Ajout panier" objectid="303" type="VIRTUAL_USER" value="Ajout panier"/>
<objectids-entry key="Zone par défaut¤Population1¤Ajout panier" objectid="304" type="BASIC_LOGICAL_CONTAINER" value="$parent=Ajout panier;$index=0"/>
<objectids-entry key="Zone par défaut¤Population1¤Ajout panier" objectid="305" type="BASIC_LOGICAL_CONTAINER" value="$parent=Ajout panier;$index=1"/>
<objectids-entry key="Zone par défaut¤Population1¤Ajout panier" objectid="306" type="BASIC_LOGICAL_CONTAINER" value="335819cd-bc52-4a9d-8489-412710f3cf48"/>
<objectids-entry key="Zone par défaut¤Population1¤Ajout panier" objectid="307" type="HTTP_PAGE" value="cc52501d-61a0-4871-8c2f-c91176f4bb6d"/>
<objectids-entry key="Zone par défaut¤Population1¤Ajout panier" objectid="308" type="ACTION" value="a406d602-2709-4ed5-8d85-2c6e0a7b8dda"/>
<objectids-entry key="Zone par défaut¤Population1¤Ajout panier" objectid="309" type="ACTION" value="7d4fa136-71d4-4b03-b806-093ffb143ef3"/>
<objectids-entry key="Zone par défaut¤Population1¤Ajout panier" objectid="310" type="ACTION" value="4e492519-d074-41ed-ac73-aa4f5ee0a020"/>
<objectids-entry key="Zone par défaut¤Population1¤Ajout panier" objectid="311" type="ACTION" value="e930b9f4-fd4f-45e7-98f9-815d8e3568b2"/>
<objectids-entry key="Zone par défaut¤Population1¤Ajout panier" objectid="312" type="ACTION" value="b495d130-db67-4a61-89c4-eca5bcadb0b0"/>
<objectids-entry key="Zone par défaut¤Population1¤Ajout panier" objectid="313" type="ACTION" value="8bf66e5d-8ae2-41f2-a424-5952ed23fb54"/>
<objectids-entry key="Zone par défaut¤Population1¤Ajout panier" objectid="314" type="ACTION" value="3980a014-000e-4bb1-9b6c-cbad52b7b28e"/>
<objectids-entry key="Zone par défaut¤Population1¤Ajout panier" objectid="315" type="ACTION" value="6cf4c172-cc6b-46f0-bb00-b753745fb973"/>
<objectids-entry key="Zone par défaut¤Population1¤Ajout panier" objectid="316" type="ACTION" value="d9bd5005-124a-47ca-adfe-1e0fc4fb12e7"/>
<objectids-entry key="Zone par défaut¤Population1¤Ajout panier" objectid="317" type="ACTION" value="cb523cc3-e276-4917-b6ef-143324e31e4e"/>
<objectids-entry key="Zone par défaut¤Population1¤Ajout panier" objectid="318" type="ACTION" value="53b88567-e887-47d4-9f38-f409193198cb"/>
<objectids-entry key="Zone par défaut¤Population1¤Ajout panier" objectid="319" type="ACTION" value="6ab1ccc1-2a2e-484b-a04b-3efa26b3c5ed"/>
<objectids-entry key="Zone par défaut¤Population1¤Ajout panier" objectid="320" type="ACTION" value="a3817691-aa3e-4170-a13e-0e0875d618d7"/>
<objectids-entry key="Zone par défaut¤Population1¤Ajout panier" objectid="321" type="ACTION" value="609917b3-888c-42b1-95ee-33b62704cd5c"/>
<objectids-entry key="Zone par défaut¤Population1¤Ajout panier" objectid="322" type="ACTION" value="4fb56cb8-2419-4b95-b933-1d5afc41a731"/>
<objectids-entry key="Zone par défaut¤Population1¤Ajout panier" objectid="323" type="ACTION" value="a7a4f5d7-cea6-481d-a4bc-fcb5b9c15fd2"/>
<objectids-entry key="Zone par défaut¤Population1¤Ajout panier" objectid="324" type="ACTION" value="35d373e9-7e78-422c-8cde-094be441f19b"/>
<objectids-entry key="Zone par défaut¤Population1¤Ajout panier" objectid="325" type="ACTION" value="c9aa99fd-0f06-4aea-9f11-8791e121b80e"/>
<objectids-entry key="Zone par défaut¤Population1¤Ajout panier" objectid="326" type="ACTION" value="88c71459-f5ac-40aa-937f-60393506d0cf"/>
<objectids-entry key="Zone par défaut¤Population1¤Ajout panier" objectid="327" type="ACTION" value="5cc25750-530e-4424-8332-713dc639c111"/>
<objectids-entry key="Zone par défaut¤Population1¤Ajout panier" objectid="328" type="ACTION" value="6ccaf349-cedc-4cfd-a97e-4ada67f1f100"/>
<objectids-entry key="Zone par défaut¤Population1¤Ajout panier" objectid="329" type="ACTION" value="3d2c5076-90a7-4128-b1ad-13e76ceddf1c"/>
<objectids-entry key="Zone par défaut¤Population1¤Ajout panier" objectid="330" type="ACTION" value="0fcf46ed-6744-42af-afda-7b127b84be4a"/>
<objectids-entry key="Zone par défaut¤Population1¤Ajout panier" objectid="331" type="ACTION" value="6b94facf-9d8d-4708-beef-c96475221863"/>
<objectids-entry key="Zone par défaut¤Population1¤Ajout panier" objectid="332" type="ACTION" value="9c549468-7bb3-4bea-b05a-1003fb59c397"/>
<objectids-entry key="Zone par défaut¤Population1¤Ajout panier" objectid="333" type="ACTION" value="cb3a7659-1ba8-4504-89d2-23d3f04dc036"/>
<objectids-entry key="Zone par défaut¤Population1¤Ajout panier" objectid="334" type="ACTION" value="7662ed30-56fd-4c2d-83df-efe0d55a494b"/>
<objectids-entry key="Zone par défaut¤Population1¤Ajout panier" objectid="335" type="ACTION" value="4c969c84-9e12-42b7-a75f-793dc2e7c8df"/>
<objectids-entry key="Zone par défaut¤Population1¤Ajout panier" objectid="336" type="ACTION" value="99a9ee6f-1f73-40d0-810f-486871ad246a"/>
<objectids-entry key="Zone par défaut¤Population1¤Ajout panier" objectid="337" type="ACTION" value="eea3ec71-9357-4c69-85d0-0f5761001c24"/>
<objectids-entry key="Zone par défaut¤Population1¤Ajout panier" objectid="338" type="ACTION" value="16179d6d-6354-4ec1-b1dc-cf98d42f133f"/>
<objectids-entry key="Zone par défaut¤Population1¤Ajout panier" objectid="339" type="ACTION" value="e74c060c-a66c-4327-9b8c-ebdd96189589"/>
<objectids-entry key="Zone par défaut¤Population1¤Ajout panier" objectid="340" type="ACTION" value="34119113-9227-44da-9af9-260ba5515522"/>
<objectids-entry key="Zone par défaut¤Population1¤Ajout panier" objectid="341" type="ACTION" value="1208c2fd-9602-4cfc-8adb-6e026dd08b4a"/>
<objectids-entry key="Zone par défaut¤Population1¤Ajout panier" objectid="342" type="ACTION" value="a11b7187-061b-4a6c-9df7-91f11aae5049"/>
<objectids-entry key="Zone par défaut¤Population1¤Ajout panier" objectid="343" type="ACTION" value="f5d0fee3-7ce3-401c-99c0-465a0ace777d"/>
<objectids-entry key="Zone par défaut¤Population1¤Ajout panier" objectid="344" type="ACTION" value="0df90833-945d-45d3-a9d2-7c93d28a428f"/>
<objectids-entry key="Zone par défaut¤Population1¤Ajout panier" objectid="345" type="ACTION" value="9dc67b97-f597-40ea-a79f-c5df82114729"/>
<objectids-entry key="Zone par défaut¤Population1¤Ajout panier" objectid="346" type="ACTION" value="faa1cddb-4f07-4006-9fa8-0253a4863887"/>
<objectids-entry key="Zone par défaut¤Population1¤Ajout panier" objectid="347" type="ACTION" value="80029714-d353-4725-ba1f-642a83483f36"/>
<objectids-entry key="Zone par défaut¤Population1¤Ajout panier" objectid="348" type="ACTION" value="9d8ab77b-c2f7-40d9-9f1a-814109be06fe"/>
<objectids-entry key="Zone par défaut¤Population1¤Ajout panier" objectid="349" type="ACTION" value="07a4ab9f-773e-4b21-aa67-87f6f8c9ddb5"/>
<objectids-entry key="Zone par défaut¤Population1¤Ajout panier" objectid="350" type="ACTION" value="1a1f2201-4861-4746-ad48-8ec6170f80b3"/>
<objectids-entry key="Zone par défaut¤Population1¤Ajout panier" objectid="351" type="ACTION" value="c4c9549e-8397-4edf-b7cb-a1ba479bdeb7"/>
<objectids-entry key="Zone par défaut¤Population1¤Ajout panier" objectid="352" type="ACTION" value="8dc46b51-8b08-4902-8942-57837023f555"/>
<objectids-entry key="Zone par défaut¤Population1¤Ajout panier" objectid="353" type="HTTP_PAGE" value="99e2711d-b9e5-4c75-99b4-46cf3fdc4f42"/>
<objectids-entry key="Zone par défaut¤Population1¤Ajout panier" objectid="354" type="ACTION" value="7b015924-1f50-4f8b-a3ec-873a720dcddb"/>
<objectids-entry key="Zone par défaut¤Population1¤Ajout panier" objectid="355" type="BASIC_LOGICAL_CONTAINER" value="9f2e85c8-fdb0-4945-8981-c2e7cbf624ea"/>
<objectids-entry key="Zone par défaut¤Population1¤Ajout panier" objectid="356" type="HTTP_PAGE" value="086b5581-238f-4903-834f-779fb6b2a67a"/>
<objectids-entry key="Zone par défaut¤Population1¤Ajout panier" objectid="357" type="ACTION" value="ec4476df-7817-48cd-8a38-6ba95203fb27"/>
<objectids-entry key="Zone par défaut¤Population1¤Ajout panier" objectid="358" type="ACTION" value="12d916f5-1c7c-499f-8329-cd59d508f569"/>
<objectids-entry key="Zone par défaut¤Population1¤Ajout panier" objectid="359" type="ACTION" value="9dfce480-222e-46e5-ab0a-fc6e65640ea7"/>
<objectids-entry key="Zone par défaut¤Population1¤Ajout panier" objectid="360" type="ACTION" value="3cc3160e-0f57-43e3-8404-e6f7bcdb7127"/>
<objectids-entry key="Zone par défaut¤Population1¤Ajout panier" objectid="361" type="ACTION" value="324495de-20e9-4602-a581-443cf419560c"/>
<objectids-entry key="Zone par défaut¤Population1¤Ajout panier" objectid="362" type="ACTION" value="6bdc580c-0f98-4738-b01c-26342488abc3"/>
<objectids-entry key="Zone par défaut¤Population1¤Ajout panier" objectid="363" type="ACTION" value="8d5b6da4-d73c-41c8-8800-1386abab5a7a"/>
<objectids-entry key="Zone par défaut¤Population1¤Ajout panier" objectid="364" type="HTTP_PAGE" value="4562204e-3f36-4330-87dd-ec568c332ca1"/>
<objectids-entry key="Zone par défaut¤Population1¤Ajout panier" objectid="365" type="ACTION" value="f324226b-ac0a-495a-83c7-fc2268c0d561"/>
<objectids-entry key="Zone par défaut¤Population1¤Ajout panier" objectid="366" type="ACTION" value="d055ebbe-8de0-4405-81ac-b1e3d382f1e6"/>
<objectids-entry key="Zone par défaut¤Population1¤Ajout panier" objectid="367" type="HTTP_PAGE" value="a8c1ed09-0864-46f1-b053-4483e8863126"/>
<objectids-entry key="Zone par défaut¤Population1¤Ajout panier" objectid="368" type="ACTION" value="d750cdf0-f1c2-4bdf-aa52-cabb8f13a914"/>
<objectids-entry key="Zone par défaut¤Population1¤Ajout panier" objectid="369" type="ACTION" value="7f6d497e-03a2-43ee-a578-e8f8e04bf073"/>
<objectids-entry key="Zone par défaut¤Population1¤Ajout panier" objectid="370" type="ACTION" value="29ca2cc7-64a0-423b-8cca-418dcd540649"/>
<objectids-entry key="Zone par défaut¤Population1¤Ajout panier" objectid="371" type="ACTION" value="1e2decb5-f371-4280-a551-5a6f7a8aeb7c"/>
<objectids-entry key="Zone par défaut¤Population1¤Ajout panier" objectid="372" type="ACTION" value="008895b1-5396-4d34-8cd5-454538966393"/>
<objectids-entry key="Zone par défaut¤Population1¤Ajout panier" objectid="373" type="BASIC_LOGICAL_CONTAINER" value="847df3dd-8c1b-4011-bcc5-3b792b9032a5"/>
<objectids-entry key="Zone par défaut¤Population1¤Ajout panier" objectid="374" type="HTTP_PAGE" value="059bf58c-4dbf-4ffb-a532-336b67a8577f"/>
<objectids-entry key="Zone par défaut¤Population1¤Ajout panier" objectid="375" type="ACTION" value="9e031d0c-048e-42b4-a491-43bbcffe1b52"/>
<objectids-entry key="Zone par défaut¤Population1¤Ajout panier" objectid="376" type="ACTION" value="488f7f89-d011-4e5f-8279-ea999d6a4908"/>
<objectids-entry key="Zone par défaut¤Population1¤Ajout panier" objectid="377" type="ACTION" value="067b01b5-87da-441b-affe-7519b265de9b"/>
<objectids-entry key="Zone par défaut¤Population1¤Ajout panier" objectid="378" type="ACTION" value="b0a721db-aadb-4d25-855b-4ce5a354b178"/>
<objectids-entry key="Zone par défaut¤Population1¤Ajout panier" objectid="379" type="ACTION" value="0d537c3d-fd8e-45ca-88d4-37deb2d8c100"/>
<objectids-entry key="Zone par défaut¤Population1¤Ajout panier" objectid="380" type="ACTION" value="c633a271-3857-4690-aeae-397819db2ac0"/>
<objectids-entry key="Zone par défaut¤Population1¤Ajout panier" objectid="381" type="HTTP_PAGE" value="feed66b3-8ebd-4c80-a3f0-4015949325d4"/>
<objectids-entry key="Zone par défaut¤Population1¤Ajout panier" objectid="382" type="ACTION" value="4a979147-80fe-4f8e-bf47-6b81d95d37ff"/>
<objectids-entry key="Zone par défaut¤Population1¤Ajout panier" objectid="383" type="ACTION" value="8e858c83-ea9c-46aa-8746-f64eda4c9212"/>
<objectids-entry key="Zone par défaut¤Population1¤Ajout panier" objectid="384" type="ACTION" value="1bcf2284-9740-456a-9aea-38e7240a364b"/>
<objectids-entry key="Zone par défaut¤Population1¤Ajout panier" objectid="385" type="HTTP_PAGE" value="bc183348-055e-4744-a95a-a6e5a1af94f1"/>
<objectids-entry key="Zone par défaut¤Population1¤Ajout panier" objectid="386" type="ACTION" value="a6d46211-532e-49b6-a295-0e1d99bc5737"/>
<objectids-entry key="Zone par défaut¤Population1¤Ajout panier" objectid="387" type="ACTION" value="96da0caa-d0dc-429c-ab58-8f38642c4f9b"/>
<objectids-entry key="Zone par défaut¤Population1¤Ajout panier" objectid="388" type="ACTION" value="fc466aaa-0fc6-42e5-9607-49799b033ffd"/>
<objectids-entry key="Zone par défaut¤Population1¤Ajout panier" objectid="389" type="ACTION" value="9fcfe9d9-a152-4e61-911c-98861f53ea40"/>
<objectids-entry key="Zone par défaut¤Population1¤Ajout panier" objectid="390" type="ACTION" value="3033f8ed-12f1-4547-b73b-5a94a901b509"/>
<objectids-entry key="Zone par défaut¤Population1¤Ajout panier" objectid="391" type="ACTION" value="92866a25-c4fd-4c5e-b854-47743a89f80d"/>
<objectids-entry key="Zone par défaut¤Population1¤Ajout panier" objectid="392" type="ACTION" value="1ee7516e-0dbc-416a-84fb-c9a37ba6b582"/>
<objectids-entry key="Zone par défaut¤Population1¤Ajout panier" objectid="393" type="ACTION" value="cb872741-962e-4790-bff3-355c3ed82b63"/>
<objectids-entry key="Zone par défaut¤Population1¤Ajout panier" objectid="394" type="BASIC_LOGICAL_CONTAINER" value="4025a7ae-0c45-49bf-af2f-5bf1cdf56fb4"/>
<objectids-entry key="Zone par défaut¤Population1¤Ajout panier" objectid="395" type="HTTP_PAGE" value="83234c8d-e752-4229-af22-6dae82ae62c3"/>
<objectids-entry key="Zone par défaut¤Population1¤Ajout panier" objectid="396" type="ACTION" value="e06496a1-55eb-47d1-b375-ee9c758de700"/>
<objectids-entry key="Zone par défaut¤Population1¤Ajout panier" objectid="397" type="ACTION" value="73c0f61d-c3ab-40de-b4e1-ab21d7d7b870"/>
<objectids-entry key="Zone par défaut¤Population1¤Ajout panier" objectid="398" type="ACTION" value="7b0154ed-9806-4121-a1bb-1b5f8ccf4ed7"/>
<objectids-entry key="Zone par défaut¤Population1¤Ajout panier" objectid="399" type="ACTION" value="186179e1-5189-4733-9f5c-0a0bdcc15bc0"/>
<objectids-entry key="Zone par défaut¤Population1¤Ajout panier" objectid="400" type="ACTION" value="ee01ec70-3625-4cd5-9960-a864e9e120c3"/>
<objectids-entry key="Zone par défaut¤Population1¤Ajout panier" objectid="401" type="ACTION" value="fe4e9c07-ba09-47f8-9693-c54c92ee2f1f"/>
<objectids-entry key="Zone par défaut¤Population1¤Ajout panier" objectid="402" type="ACTION" value="f2c247b4-fcf4-449a-8bd5-82c39091ea94"/>
<objectids-entry key="Zone par défaut¤Population1¤Ajout panier" objectid="403" type="ACTION" value="eaeab592-9eae-4933-b7ef-e09250c9421f"/>
<objectids-entry key="Zone par défaut¤Population1¤Ajout panier" objectid="404" type="ACTION" value="1d232810-4757-4ff4-a12f-d4f77aa7f78a"/>
<objectids-entry key="Zone par défaut¤Population1¤Ajout panier" objectid="405" type="ACTION" value="cfa978dd-bb4b-4a49-a679-ea6de417fa36"/>
<objectids-entry key="Zone par défaut¤Population1¤Ajout panier" objectid="406" type="ACTION" value="9d958aeb-6146-4cae-a64e-ef9474831b39"/>
<objectids-entry key="Zone par défaut¤Population1¤Ajout panier" objectid="407" type="ACTION" value="93424cd5-b89b-4cd5-98fd-b669a87b3e44"/>
<objectids-entry key="Zone par défaut¤Population1¤Ajout panier" objectid="408" type="HTTP_PAGE" value="3722e480-412c-43aa-ba7a-b19804f6e145"/>
<objectids-entry key="Zone par défaut¤Population1¤Ajout panier" objectid="409" type="ACTION" value="d845b1bf-4745-4310-9f04-ce1002f0e999"/>
<objectids-entry key="Zone par défaut¤Population1¤Ajout panier" objectid="410" type="ACTION" value="67b659b9-ab5d-4ea4-bf83-d850c1c8feae"/>
<objectids-entry key="Zone par défaut¤Population1¤Ajout panier" objectid="411" type="ACTION" value="d33f10dc-91cc-4897-ba06-bdf85c03e8d3"/>
<objectids-entry key="Zone par défaut¤Population1¤Ajout panier" objectid="412" type="ACTION" value="f2ec972d-920a-4428-851a-13146338a01c"/>
<objectids-entry key="Zone par défaut¤Population1¤Ajout panier" objectid="413" type="HTTP_PAGE" value="16d9c333-37d5-43ee-bb72-16e15dd03b3d"/>
<objectids-entry key="Zone par défaut¤Population1¤Ajout panier" objectid="414" type="ACTION" value="82d2ddd6-82ac-4858-a3f7-2417d2c1419d"/>
<objectids-entry key="Zone par défaut¤Population1¤Ajout panier" objectid="415" type="ACTION" value="c6c46bfc-fa94-444a-8361-86b81d34c169"/>
<objectids-entry key="Zone par défaut¤Population1¤Ajout panier" objectid="416" type="ACTION" value="088aa5f8-057f-43ed-92a4-57e943ffdfeb"/>
<objectids-entry key="Zone par défaut¤Population1¤Ajout panier" objectid="417" type="ACTION" value="8646a678-a8c2-4f84-aaf7-d72928b45614"/>
<objectids-entry key="Zone par défaut¤Population1¤Ajout panier" objectid="418" type="ACTION" value="0daf0d51-d288-441b-8474-868f2f0e5bde"/>
<objectids-entry key="Zone par défaut¤Population1¤Ajout panier" objectid="419" type="ACTION" value="11eb44ca-2e61-48ff-83c7-d64ac36129a6"/>
<objectids-entry key="Zone par défaut¤Population1¤Ajout panier" objectid="420" type="ACTION" value="81d40c07-dcd3-4498-8cef-99e7f918afe6"/>
<objectids-entry key="Zone par défaut¤Population1¤Ajout panier" objectid="421" type="ACTION" value="fbe7605f-4086-40a0-a570-cc07deaee05b"/>
<objectids-entry key="Zone par défaut¤Population1¤Ajout panier" objectid="422" type="ACTION" value="e8aaa02d-6e60-4e01-a3ce-3dbe84090a1f"/>
<objectids-entry key="Zone par défaut¤Population1¤Ajout panier" objectid="423" type="BASIC_LOGICAL_CONTAINER" value="32510bda-3b55-4b49-8557-5b152a52561a"/>
<objectids-entry key="Zone par défaut¤Population1¤Ajout panier" objectid="424" type="HTTP_PAGE" value="2dd71179-1a32-472c-9254-070ca2884598"/>
<objectids-entry key="Zone par défaut¤Population1¤Ajout panier" objectid="425" type="ACTION" value="a8f27a58-6894-4bf5-abf3-5418cfb39cfc"/>
<objectids-entry key="Zone par défaut¤Population1¤Ajout panier" objectid="426" type="ACTION" value="250a6191-af7e-4eb9-b35d-9553389fdd51"/>
<objectids-entry key="Zone par défaut¤Population1¤Ajout panier" objectid="427" type="ACTION" value="696cb94c-1a34-4a0b-8980-5c4bfdb0139a"/>
<objectids-entry key="Zone par défaut¤Population1¤Ajout panier" objectid="428" type="ACTION" value="7c9a2dc6-ccfe-4668-b3ef-a895a8163db1"/>
<objectids-entry key="Zone par défaut¤Population1¤Ajout panier" objectid="429" type="ACTION" value="58777032-10c1-4d0b-bbd8-f11176ddee46"/>
<objectids-entry key="Zone par défaut¤Population1¤Ajout panier" objectid="430" type="ACTION" value="820b074e-735f-4caa-875f-410125f3a6c0"/>
<objectids-entry key="Zone par défaut¤Population1¤Ajout panier" objectid="431" type="ACTION" value="8f3b5d37-7368-4b12-ae9b-8d7731efea58"/>
<objectids-entry key="Zone par défaut¤Population1¤Ajout panier" objectid="432" type="ACTION" value="e6b55044-6175-4d7e-adae-218e64b5b0b0"/>
<objectids-entry key="Zone par défaut¤Population1¤Ajout panier" objectid="433" type="ACTION" value="87335f1a-4ba4-4268-9d97-ff0cf645659f"/>
<objectids-entry key="Zone par défaut¤Population1¤Ajout panier" objectid="434" type="HTTP_PAGE" value="fea40dab-14f1-492b-8a02-8b98b0443d80"/>
<objectids-entry key="Zone par défaut¤Population1¤Ajout panier" objectid="435" type="ACTION" value="2381e761-817f-4c39-bbdf-747c55958faf"/>
<objectids-entry key="Zone par défaut¤Population1¤Ajout panier" objectid="436" type="HTTP_PAGE" value="a9d8fd95-2161-4a6c-af85-9bec95d69155"/>
<objectids-entry key="Zone par défaut¤Population1¤Ajout panier" objectid="437" type="ACTION" value="8919b8b2-5876-4379-95ae-d78d86dd2743"/>
<objectids-entry key="Zone par défaut¤Population1¤Ajout panier" objectid="438" type="ACTION" value="f78122ef-4fb0-44f9-9597-cdb32d0b6dda"/>
<objectids-entry key="Zone par défaut¤Population1¤Ajout panier" objectid="439" type="ACTION" value="f6ac4625-b997-438b-8363-fe21fed0f666"/>
<objectids-entry key="Zone par défaut¤Population1¤Ajout panier" objectid="440" type="ACTION" value="401a1461-1de1-49f5-9261-d5e9de3a9a31"/>
<objectids-entry key="Zone par défaut¤Population1¤Ajout panier" objectid="441" type="HTTP_PAGE" value="7e1df9d6-a0a1-443d-893f-92d8ace7aa46"/>
<objectids-entry key="Zone par défaut¤Population1¤Ajout panier" objectid="442" type="ACTION" value="26286f17-949d-456a-84f0-4708d5485f8f"/>
<objectids-entry key="Zone par défaut¤Population1¤Ajout panier" objectid="443" type="ACTION" value="b6c92b45-46be-46b0-a013-d7a10e90fcc8"/>
<objectids-entry key="Zone par défaut¤Population1¤Ajout panier" objectid="444" type="ACTION" value="9116b3fc-c79a-40b4-a58e-e8065d6152d9"/>
<objectids-entry key="Zone par défaut¤Population1¤Ajout panier" objectid="445" type="ACTION" value="121da54f-561f-4749-8317-12c5852853dd"/>
<objectids-entry key="Zone par défaut¤Population1¤Ajout panier" objectid="446" type="ACTION" value="01b35aa9-17ca-4473-bf5e-58491f1fb9be"/>
<objectids-entry key="Zone par défaut¤Population1¤Ajout panier" objectid="447" type="ACTION" value="b052fdf5-390a-4fb8-b97d-04503fbf330a"/>
<objectids-entry key="Zone par défaut¤Population1¤Ajout panier" objectid="448" type="ACTION" value="6f329796-5619-4385-b7fb-15faeb92e61e"/>
<objectids-entry key="Zone par défaut¤Population1¤Ajout panier" objectid="449" type="ACTION" value="0132929a-4e9c-4304-b7c7-d6464cc27381"/>
<objectids-entry key="Zone par défaut¤Population1¤Ajout panier" objectid="450" type="ACTION" value="601809fc-7ff6-4f5e-b73b-e299749e7cb4"/>
<objectids-entry key="Zone par défaut¤Population1¤Ajout panier" objectid="451" type="ACTION" value="96a94cfb-f5b4-4766-83fd-6560cf5e9dc7"/>
<objectids-entry key="Zone par défaut¤Population1¤Ajout panier" objectid="452" type="BASIC_LOGICAL_CONTAINER" value="$parent=Ajout panier;$index=2"/>
<objectids-entry key="¤¤" objectid="453" type="MONITORED_HOST" value="NeoLoad"/>
<objectids-entry key="¤¤" objectid="454" type="MONITORCONNECTION" value="NeoLoad$NeoLoad"/>
<objectids-entry key="¤¤" objectid="455" type="MONITOR" value="NeoLoad$NeoLoad$UserLoad"/>
<objectids-entry key="¤¤" objectid="456" type="MONITOR" value="NeoLoad$NeoLoad$throughput"/>
<objectids-entry key="¤¤" objectid="457" type="MONITOR" value="NeoLoad$NeoLoad$Alerts"/>
<objectids-entry key="¤¤" objectid="458" type="MONITOR" value="NeoLoad$NeoLoad$CriticalAlerts"/>
<objectids-entry key="¤¤" objectid="459" type="MONITOR" value="NeoLoad$NeoLoad$WarningAlerts"/>
<objectids-entry key="¤¤" objectid="460" type="MONITOR" value="NeoLoad$NeoLoad$cpu"/>
<objectids-entry key="¤¤" objectid="461" type="THRESHOLD" value="NeoLoad$NeoLoad$cc6d44ab-fa91-4632-b7c2-49e95823c7e2"/>
<objectids-entry key="¤¤" objectid="462" type="MONITOR" value="NeoLoad$NeoLoad$memory"/>
<objectids-entry key="¤¤" objectid="463" type="THRESHOLD" value="NeoLoad$NeoLoad$d845a795-1ff0-4f3d-83d4-03d045a2cab2"/>
<objectids-entry key="¤¤" objectid="464" type="MONITOR" value="NeoLoad$NeoLoad$threadcount"/>
<objectids-entry key="¤¤" objectid="465" type="MONITOR" value="NeoLoad$NeoLoad$connectedlg"/>
<objectids-entry key="¤¤" objectid="466" type="MONITOR" value="NeoLoad$NeoLoad$totallgdisconnections"/>
<objectids-entry key="¤¤" objectid="467" type="THRESHOLD" value="NeoLoad$NeoLoad$4bb8a260-6cdc-437a-9ade-2b7f33e3b6ed"/>
<objectids-entry key="¤¤" objectid="468" type="MONITOR" value="NeoLoad$NeoLoad$totallgreconnections"/>
<objectids-entry key="¤¤" objectid="469" type="MONITOR" value="NeoLoad$NeoLoad$otcp.NeoLoad"/>
<objectids-entry key="¤¤" objectid="470" type="MONITOR" value="NeoLoad$NeoLoad$tcp.NeoLoad"/>
<objectids-entry key="¤¤" objectid="471" type="MONITOR" value="NeoLoad$NeoLoad$ibytesperinterface~NeoLoad~wlan1"/>
<objectids-entry key="¤¤" objectid="472" type="MONITOR" value="NeoLoad$NeoLoad$obytesperinterface~NeoLoad~wlan1"/>
<objectids-entry key="¤¤" objectid="473" type="MONITOR" value="NeoLoad$NeoLoad$ibytesperinterface~NeoLoad~wlan0"/>
<objectids-entry key="¤¤" objectid="474" type="MONITOR" value="NeoLoad$NeoLoad$obytesperinterface~NeoLoad~wlan0"/>
<objectids-entry key="¤¤" objectid="475" type="MONITOR" value="NeoLoad$NeoLoad$ibytesperinterface~NeoLoad~eth2"/>
<objectids-entry key="¤¤" objectid="476" type="MONITOR" value="NeoLoad$NeoLoad$obytesperinterface~NeoLoad~eth2"/>
<objectids-entry key="¤¤" objectid="477" type="MONITOR" value="NeoLoad$NeoLoad$ibytesperinterface~NeoLoad~eth0"/>
<objectids-entry key="¤¤" objectid="478" type="MONITOR" value="NeoLoad$NeoLoad$obytesperinterface~NeoLoad~eth0"/>
<objectids-entry key="¤¤" objectid="479" type="MONITOR" value="NeoLoad$NeoLoad$nlwebdownload"/>
<objectids-entry key="¤¤" objectid="480" type="MONITOR" value="NeoLoad$NeoLoad$nlwebupload"/>
<objectids-entry key="¤¤" objectid="481" type="MONITOR" value="NeoLoad$NeoLoad$SapUserLoad"/>
<objectids-entry key="¤¤" objectid="482" type="MONITOR" value="NeoLoad$NeoLoad$CitrixUserLoad"/>
<objectids-entry key="¤¤" objectid="483" type="MONITOR" value="NeoLoad$NeoLoad$zoneuserload~Zone par défaut"/>
<objectids-entry key="¤¤" objectid="484" type="MONITOR" value="NeoLoad$NeoLoad$zoneuserloadperpopulation~Zone par défaut~Population1"/>
<objectids-entry key="¤¤" objectid="485" type="MONITOR" value="NeoLoad$NeoLoad$zoneuserloadperpopulation~Zone par défaut~Population1~Ajout panier"/>
<objectids-entry key="¤¤" objectid="486" type="MONITORED_HOST" value="Injecteur localhost:7100"/>
<objectids-entry key="¤¤" objectid="487" type="MONITORCONNECTION" value="Injecteur localhost:7100$NeoLoad"/>
<objectids-entry key="¤¤" objectid="488" type="MONITOR" value="Injecteur localhost:7100$NeoLoad$lgcpu.localhost:7100"/>
<objectids-entry key="¤¤" objectid="489" type="THRESHOLD" value="Injecteur localhost:7100$NeoLoad$ae0be08f-8843-4bd4-8df0-2da27daf4b4c"/>
<objectids-entry key="¤¤" objectid="490" type="MONITOR" value="Injecteur localhost:7100$NeoLoad$lgmemory.localhost:7100"/>
<objectids-entry key="¤¤" objectid="491" type="THRESHOLD" value="Injecteur localhost:7100$NeoLoad$5a0540ae-c637-401f-be80-050074a2c2a8"/>
<objectids-entry key="¤¤" objectid="492" type="MONITOR" value="Injecteur localhost:7100$NeoLoad$lgthroughput.localhost:7100"/>
<objectids-entry key="¤¤" objectid="493" type="MONITOR" value="Injecteur localhost:7100$NeoLoad$lguserloadperpopulation~localhost:7100"/>
<objectids-entry key="¤¤" objectid="494" type="MONITOR" value="Injecteur localhost:7100$NeoLoad$lgthreadcount.localhost:7100"/>
<objectids-entry key="¤¤" objectid="495" type="MONITOR" value="Injecteur localhost:7100$NeoLoad$lg.jetty.httpclient.threadpool.used.localhost:7100"/>
<objectids-entry key="¤¤" objectid="496" type="MONITOR" value="Injecteur localhost:7100$NeoLoad$lg.jetty.httpclient.taskpool.used.localhost:7100"/>
<objectids-entry key="¤¤" objectid="497" type="THRESHOLD" value="Injecteur localhost:7100$NeoLoad$9a96b2a8-71fb-420d-b724-5c12f0fde2fe"/>
<objectids-entry key="¤¤" objectid="498" type="MONITOR" value="Injecteur localhost:7100$NeoLoad$lgdisconnections.localhost:7100"/>
<objectids-entry key="¤¤" objectid="499" type="MONITOR" value="Injecteur localhost:7100$NeoLoad$lgreconnections.localhost:7100"/>
<objectids-entry key="¤¤" objectid="500" type="MONITOR" value="Injecteur localhost:7100$NeoLoad$lgping.localhost:7100"/>
<objectids-entry key="¤¤" objectid="501" type="MONITOR" value="Injecteur localhost:7100$NeoLoad$lgotcp.localhost:7100"/>
<objectids-entry key="¤¤" objectid="502" type="MONITOR" value="Injecteur localhost:7100$NeoLoad$lgtcp.localhost:7100"/>
<objectids-entry key="¤¤" objectid="503" type="MONITOR" value="Injecteur localhost:7100$NeoLoad$lgibytesperinterface~localhost:7100~wlan1"/>
<objectids-entry key="¤¤" objectid="504" type="MONITOR" value="Injecteur localhost:7100$NeoLoad$lgobytesperinterface~localhost:7100~wlan1"/>
<objectids-entry key="¤¤" objectid="505" type="MONITOR" value="Injecteur localhost:7100$NeoLoad$lgibytesperinterface~localhost:7100~wlan0"/>
<objectids-entry key="¤¤" objectid="506" type="MONITOR" value="Injecteur localhost:7100$NeoLoad$lgobytesperinterface~localhost:7100~wlan0"/>
<objectids-entry key="¤¤" objectid="507" type="MONITOR" value="Injecteur localhost:7100$NeoLoad$lgibytesperinterface~localhost:7100~eth2"/>
<objectids-entry key="¤¤" objectid="508" type="MONITOR" value="Injecteur localhost:7100$NeoLoad$lgobytesperinterface~localhost:7100~eth2"/>
<objectids-entry key="¤¤" objectid="509" type="MONITOR" value="Injecteur localhost:7100$NeoLoad$lgibytesperinterface~localhost:7100~eth0"/>
<objectids-entry key="¤¤" objectid="510" type="MONITOR" value="Injecteur localhost:7100$NeoLoad$lgobytesperinterface~localhost:7100~eth0"/>
</objectids-table>
<!--****** DURATION ******-->
<duration value="120082"/>
<!--****** AGGREGATION PERIOD ******-->
<aggregation-period value="1000"/>
<!--****** EXTENDED STATISTICS ******-->
<truncated-mean centered-interval="true" percentage="90"/>
<percentile percentage="50"/>
</project>
